{"cameraMode":{"drawMode":0,"name":"Shaded","section":"Shading Mode"},"sceneLighting":true,"audioPlay":false,"sceneViewState":{"m_AlwaysRefresh":false,"showFog":true,"showSkybox":true,"showFlares":true,"showImageEffects":true,"showParticleSystems":true,"showVisualEffectGraphs":true,"m_FxEnabled":true},"in2DMode":false,"pivot":{"x":-2.7747106552124025,"y":3.9104714393615724,"z":45.41412353515625},"rotation":{"x":0.0886279046535492,"y":-0.7457554936408997,"z":0.10129120200872421,"w":0.6524913907051086},"size":10.345169067382813,"orthographic":false}