{"cameraMode":{"drawMode":0,"name":"Shaded","section":"Shading Mode"},"sceneLighting":false,"audioPlay":false,"sceneViewState":{"m_AlwaysRefresh":false,"showFog":true,"showSkybox":false,"showFlares":true,"showImageEffects":true,"showParticleSystems":true,"showVisualEffectGraphs":true,"m_FxEnabled":true},"in2DMode":false,"pivot":{"x":0.27202486991882326,"y":0.7513627409934998,"z":35.630985260009769},"rotation":{"x":0.031545888632535937,"y":0.9178490042686462,"z":-0.07450873404741287,"w":0.38860204815864565},"size":2.143219470977783,"orthographic":false}